userId,keyIdentifier,sessionId,sessionState,startTime,stopTime,duration,priceInclVat,priceExclVat,currency,vatPercent,vatAmount,balanceStatus,balance,energy,energyUnit,transactionId,invoiceNumbers,transactionlessReason,transactionDates,paymentMethods,paymentOutcomes,applicationFees,payoutAmount,stripeIds,assetOwnerOrgName,chargePointId,chargePointName,connectorId,chargePointSiteName,city,streetAddress,countryCode,chargePointModel,assetLabel,connectorLabel,connectorType,identityType,hashedPhoneNumber,partnerName,partnerEmpId,empName,chargePointOperatorName,connectorGroups,billingId,evseId
2GnKv8Zvj4,ce1418f8,M3XQk1r68km,CLEARED,"2019-11-30 11:49:07","2019-11-30 17:03:55",05:14:48,"0,00","0,00",EUR,"13,5","0,00",PAID,"0,00","12,400",kWh,,,,,,,,,,"ePower ",7025,"Marymount CP1 002 ",13022,Marymount,Cork,"Curraheen Rd, Bishopstown, Cork ",IE,"Garo LS4 OCPP 1.6-J",GARLS4002,1,TYPE2,"Internal Customer",,,,"ePower ","ePower ",,,
2GnKv8Zvj4,33a439e1,q2MeNmokoY9,CLEARED,"2019-11-29 07:52:12","2019-11-29 15:08:46",07:16:34,"0,00","0,00",EUR,"13,5","0,00",PAID,"0,00","12,800",kWh,,,,,,,,,,"ePower ",7025,"Marymount CP1 002 ",13022,Marymount,Cork,"Curraheen Rd, Bishopstown, Cork ",IE,"Garo LS4 OCPP 1.6-J",GARLS4002,1,TYPE2,"Internal Customer",,,,"ePower ","ePower ",,,
2GnKv8Zvj4,33a439e1,0qB5oO2lQPp,CLEARED,"2019-11-28 10:14:43","2019-11-28 16:57:45",06:43:02,"0,00","0,00",EUR,"13,5","0,00",PAID,"0,00","13,900",kWh,,,,,,,,,,"ePower ",7025,"Marymount CP1 002 ",13022,Marymount,Cork,"Curraheen Rd, Bishopstown, Cork ",IE,"Garo LS4 OCPP 1.6-J",GARLS4002,1,TYPE2,"Internal Customer",,,,"ePower ","ePower ",,,
2GnKv8Zvj4,33a439e1,zeDdb2Ll1aA,CLEARED,"2019-11-27 08:24:50","2019-11-27 15:58:40",07:33:50,"0,00","0,00",EUR,"13,5","0,00",PAID,"0,00","11,800",kWh,,,,,,,,,,"ePower ",7025,"Marymount CP1 002 ",13022,Marymount,Cork,"Curraheen Rd, Bishopstown, Cork ",IE,"Garo LS4 OCPP 1.6-J",GARLS4002,1,TYPE2,"Internal Customer",,,,"ePower ","ePower ",,,
2GnKv8Zvj4,2d45ab17,NxG39VPWe65,CLEARED,"2019-11-27 08:08:02","2019-11-27 16:54:26",08:46:24,"0,00","0,00",EUR,"13,5","0,00",PAID,"0,00","12,500",kWh,,,,,,,,,,"ePower ",7025,"Marymount CP1 002 ",13023,Marymount,Cork,"Curraheen Rd, Bishopstown, Cork ",IE,"Garo LS4 OCPP 1.6-J",GARLS4002,2,TYPE2,"Internal Customer",,,,"ePower ","ePower ",,,
2GnKv8Zvj4,33a439e1,GmYABeO0Yv3,CLEARED,"2019-11-26 10:05:50","2019-11-26 16:35:33",06:29:43,"0,00","0,00",EUR,"13,5","0,00",PAID,"0,00","10,900",kWh,,,,,,,,,,"ePower ",7025,"Marymount CP1 002 ",13022,Marymount,Cork,"Curraheen Rd, Bishopstown, Cork ",IE,"Garo LS4 OCPP 1.6-J",GARLS4002,1,TYPE2,"Internal Customer",,,,"ePower ","ePower ",,,
2GnKv8Zvj4,2d45ab17,gJaKBN6Gkvg,CLEARED,"2019-11-26 08:13:18","2019-11-26 18:27:46",10:14:28,"0,00","0,00",EUR,"13,5","0,00",PAID,"0,00","12,000",kWh,,,,,,,,,,"ePower ",7025,"Marymount CP1 002 ",13023,Marymount,Cork,"Curraheen Rd, Bishopstown, Cork ",IE,"Garo LS4 OCPP 1.6-J",GARLS4002,2,TYPE2,"Internal Customer",,,,"ePower ","ePower ",,,
2GnKv8Zvj4,33a439e1,2bXemPkygqw,CLEARED,"2019-11-25 10:32:16","2019-11-25 16:02:56",05:30:40,"0,00","0,00",EUR,"13,5","0,00",PAID,"0,00","11,800",kWh,,,,,,,,,,"ePower ",7025,"Marymount CP1 002 ",13022,Marymount,Cork,"Curraheen Rd, Bishopstown, Cork ",IE,"Garo LS4 OCPP 1.6-J",GARLS4002,1,TYPE2,"Internal Customer",,,,"ePower ","ePower ",,,
2GnKv8Zvj4,33a439e1,KxZ5G8mA8ZL,CLEARED,"2019-11-25 07:51:47","2019-11-25 10:00:36",02:08:49,"0,00","0,00",EUR,"13,5","0,00",PAID,"0,00","7,600",kWh,,,,,,,,,,"ePower ",7025,"Marymount CP1 002 ",13022,Marymount,Cork,"Curraheen Rd, Bishopstown, Cork ",IE,"Garo LS4 OCPP 1.6-J",GARLS4002,1,TYPE2,"Internal Customer",,,,"ePower ","ePower ",,,
2GnKv8Zvj4,33a439e1,MWOV6NDzOx0,CLEARED,"2019-11-22 07:54:23","2019-11-22 14:45:08",06:50:45,"0,00","0,00",EUR,"13,5","0,00",PAID,"0,00","19,300",kWh,,,,,,,,,,"ePower ",7025,"Marymount CP1 002 ",13022,Marymount,Cork,"Curraheen Rd, Bishopstown, Cork ",IE,"Garo LS4 OCPP 1.6-J",GARLS4002,1,TYPE2,"Internal Customer",,,,"ePower ","ePower ",,,
2GnKv8Zvj4,2d45ab17,KbpDzMpJ6a3,CLEARED,"2019-11-22 07:44:53","2019-11-22 14:40:31",06:55:38,"0,00","0,00",EUR,"13,5","0,00",PAID,"0,00","12,000",kWh,,,,,,,,,,"ePower ",7025,"Marymount CP1 002 ",13023,Marymount,Cork,"Curraheen Rd, Bishopstown, Cork ",IE,"Garo LS4 OCPP 1.6-J",GARLS4002,2,TYPE2,"Internal Customer",,,,"ePower ","ePower ",,,
2GnKv8Zvj4,33a439e1,X81lXd6xZqr,CLEARED,"2019-11-21 09:58:03","2019-11-21 16:29:41",06:31:38,"0,00","0,00",EUR,"13,5","0,00",PAID,"0,00","13,300",kWh,,,,,,,,,,"ePower ",7025,"Marymount CP1 002 ",13022,Marymount,Cork,"Curraheen Rd, Bishopstown, Cork ",IE,"Garo LS4 OCPP 1.6-J",GARLS4002,1,TYPE2,"Internal Customer",,,,"ePower ","ePower ",,,
2GnKv8Zvj4,2d45ab17,zkPyBrADN8m,CLEARED,"2019-11-21 07:58:39","2019-11-21 17:34:34",09:35:55,"0,00","0,00",EUR,"13,5","0,00",PAID,"0,00","11,600",kWh,,,,,,,,,,"ePower ",7025,"Marymount CP1 002 ",13023,Marymount,Cork,"Curraheen Rd, Bishopstown, Cork ",IE,"Garo LS4 OCPP 1.6-J",GARLS4002,2,TYPE2,"Internal Customer",,,,"ePower ","ePower ",,,
2GnKv8Zvj4,ce1418f8,Od9RzxVAwJL,CLEARED,"2019-11-20 17:58:10","2019-11-20 17:58:19",00:00:09,"0,00","0,00",EUR,"13,5","0,00",PAID,"0,00","0,000",kWh,,,,,,,,,,"ePower ",7025,"Marymount CP1 002 ",13023,Marymount,Cork,"Curraheen Rd, Bishopstown, Cork ",IE,"Garo LS4 OCPP 1.6-J",GARLS4002,2,TYPE2,"Internal Customer",,,,"ePower ","ePower ",,,
2GnKv8Zvj4,ce1418f8,wPRVeO55dAW,CLEARED,"2019-11-20 13:05:29","2019-11-20 16:03:40",02:58:11,"0,00","0,00",EUR,"13,5","0,00",PAID,"0,00","4,500",kWh,,,,,,,,,,"ePower ",7025,"Marymount CP1 002 ",13023,Marymount,Cork,"Curraheen Rd, Bishopstown, Cork ",IE,"Garo LS4 OCPP 1.6-J",GARLS4002,2,TYPE2,"Internal Customer",,,,"ePower ","ePower ",,,
2GnKv8Zvj4,7d0ab617,88MR88LVJ3Z,CLEARED,"2019-11-20 11:20:09","2019-11-20 11:20:17",00:00:08,"0,00","0,00",EUR,"13,5","0,00",PAID,"0,00","0,000",kWh,,,,,,,,,,"ePower ",7025,"Marymount CP1 002 ",13023,Marymount,Cork,"Curraheen Rd, Bishopstown, Cork ",IE,"Garo LS4 OCPP 1.6-J",GARLS4002,2,TYPE2,"Internal Customer",,,,"ePower ","ePower ",,,
2GnKv8Zvj4,2d45ab17,VNkQ0Dx1zZv,CLEARED,"2019-11-20 08:00:16","2019-11-20 11:19:34",03:19:18,"0,00","0,00",EUR,"13,5","0,00",PAID,"0,00","6,900",kWh,,,,,,,,,,"ePower ",7025,"Marymount CP1 002 ",13023,Marymount,Cork,"Curraheen Rd, Bishopstown, Cork ",IE,"Garo LS4 OCPP 1.6-J",GARLS4002,2,TYPE2,"Internal Customer",,,,"ePower ","ePower ",,,
2GnKv8Zvj4,2d45ab17,gx9bOZNQqaG,CLEARED,"2019-11-20 08:00:08","2019-11-20 16:04:05",08:03:57,"0,00","0,00",EUR,"13,5","0,00",PAID,"0,00","12,000",kWh,,,,,,,,,,"ePower ",7025,"Marymount CP1 002 ",13022,Marymount,Cork,"Curraheen Rd, Bishopstown, Cork ",IE,"Garo LS4 OCPP 1.6-J",GARLS4002,1,TYPE2,"Internal Customer",,,,"ePower ","ePower ",,,
2GnKv8Zvj4,33a439e1,w9Yk21PpPXl,CLEARED,"2019-11-20 07:57:29","2019-11-20 07:58:56",00:01:27,"0,00","0,00",EUR,"13,5","0,00",PAID,"0,00","0,000",kWh,,,,,,,,,,"ePower ",7025,"Marymount CP1 002 ",13022,Marymount,Cork,"Curraheen Rd, Bishopstown, Cork ",IE,"Garo LS4 OCPP 1.6-J",GARLS4002,1,TYPE2,"Internal Customer",,,,"ePower ","ePower ",,,
2GnKv8Zvj4,33a439e1,dbNQbXbWaA5,CLEARED,"2019-11-19 09:51:10","2019-11-19 16:37:18",06:46:08,"0,00","0,00",EUR,"13,5","0,00",PAID,"0,00","9,500",kWh,,,,,,,,,,"ePower ",7025,"Marymount CP1 002 ",13022,Marymount,Cork,"Curraheen Rd, Bishopstown, Cork ",IE,"Garo LS4 OCPP 1.6-J",GARLS4002,1,TYPE2,"Internal Customer",,,,"ePower ","ePower ",,,
2GnKv8Zvj4,33a439e1,Za0VgM1Z8O4,CLEARED,"2019-11-19 07:56:48","2019-11-19 09:30:18",01:33:30,"0,00","0,00",EUR,"13,5","0,00",PAID,"0,00","2,200",kWh,,,,,,,,,,"ePower ",7025,"Marymount CP1 002 ",13022,Marymount,Cork,"Curraheen Rd, Bishopstown, Cork ",IE,"Garo LS4 OCPP 1.6-J",GARLS4002,1,TYPE2,"Internal Customer",,,,"ePower ","ePower ",,,
2GnKv8Zvj4,7d0ab617,yPJP9LybyyV,CLEARED,"2019-11-18 15:59:50","2019-11-19 12:56:49",20:56:59,"0,00","0,00",EUR,"13,5","0,00",PAID,"0,00","23,600",kWh,,,,,,,,,,"ePower ",7025,"Marymount CP1 002 ",13023,Marymount,Cork,"Curraheen Rd, Bishopstown, Cork ",IE,"Garo LS4 OCPP 1.6-J",GARLS4002,2,TYPE2,"Internal Customer",,,,"ePower ","ePower ",,,
2GnKv8Zvj4,ce1418f8,Pzbo3p9rd0v,CLEARED,"2019-11-17 16:33:51","2019-11-17 22:19:16",05:45:25,"0,00","0,00",EUR,"13,5","0,00",PAID,"0,00","13,800",kWh,,,,,,,,,,"ePower ",7025,"Marymount CP1 002 ",13023,Marymount,Cork,"Curraheen Rd, Bishopstown, Cork ",IE,"Garo LS4 OCPP 1.6-J",GARLS4002,2,TYPE2,"Internal Customer",,,,"ePower ","ePower ",,,
2GnKv8Zvj4,ce1418f8,ORJ56Ww5XX8,CLEARED,"2019-11-17 12:39:25","2019-11-17 13:25:54",00:46:29,"0,00","0,00",EUR,"13,5","0,00",PAID,"0,00","4,700",kWh,,,,,,,,,,"ePower ",7025,"Marymount CP1 002 ",13023,Marymount,Cork,"Curraheen Rd, Bishopstown, Cork ",IE,"Garo LS4 OCPP 1.6-J",GARLS4002,2,TYPE2,"Internal Customer",,,,"ePower ","ePower ",,,
2GnKv8Zvj4,ce1418f8,xmPg6lWky5X,CLEARED,"2019-11-16 09:56:37","2019-11-16 16:55:00",06:58:23,"0,00","0,00",EUR,"13,5","0,00",PAID,"0,00","15,700",kWh,,,,,,,,,,"ePower ",7025,"Marymount CP1 002 ",13023,Marymount,Cork,"Curraheen Rd, Bishopstown, Cork ",IE,"Garo LS4 OCPP 1.6-J",GARLS4002,2,TYPE2,"Internal Customer",,,,"ePower ","ePower ",,,
2GnKv8Zvj4,3e0714f8,ow2Mm11xJ4R,CLEARED,"2019-11-15 12:20:51","2019-11-15 17:16:50",04:55:59,"0,00","0,00",EUR,"13,5","0,00",PAID,"0,00","13,200",kWh,,,,,,,,,,"ePower ",7025,"Marymount CP1 002 ",13023,Marymount,Cork,"Curraheen Rd, Bishopstown, Cork ",IE,"Garo LS4 OCPP 1.6-J",GARLS4002,2,TYPE2,"Internal Customer",,,,"ePower ","ePower ",,,
2GnKv8Zvj4,7d0ab617,JO3vee6XXRb,CLEARED,"2019-11-14 15:33:24","2019-11-18 07:59:34",88:26:10,"0,00","0,00",EUR,"13,5","0,00",PAID,"0,00","17,600",kWh,,,,,,,,,,"ePower ",7025,"Marymount CP1 002 ",13022,Marymount,Cork,"Curraheen Rd, Bishopstown, Cork ",IE,"Garo LS4 OCPP 1.6-J",GARLS4002,1,TYPE2,"Internal Customer",,,,"ePower ","ePower ",,,
2GnKv8Zvj4,33a439e1,xezmrdeDKXa,CLEARED,"2019-11-14 07:57:23","2019-11-14 16:56:45",08:59:22,"0,00","0,00",EUR,"13,5","0,00",PAID,"0,00","19,000",kWh,,,,,,,,,,"ePower ",7025,"Marymount CP1 002 ",13023,Marymount,Cork,"Curraheen Rd, Bishopstown, Cork ",IE,"Garo LS4 OCPP 1.6-J",GARLS4002,2,TYPE2,"Internal Customer",,,,"ePower ","ePower ",,,
2GnKv8Zvj4,7d0ab617,XOJ0Xoa2W6a,CLEARED,"2019-11-13 16:10:13","2019-11-14 10:47:56",18:37:43,"0,00","0,00",EUR,"13,5","0,00",PAID,"0,00","18,200",kWh,,,,,,,,,,"ePower ",7025,"Marymount CP1 002 ",13022,Marymount,Cork,"Curraheen Rd, Bishopstown, Cork ",IE,"Garo LS4 OCPP 1.6-J",GARLS4002,1,TYPE2,"Internal Customer",,,,"ePower ","ePower ",,,
2GnKv8Zvj4,33a439e1,pPzVpLQW8mK,CLEARED,"2019-11-13 07:56:50","2019-11-13 14:55:18",06:58:28,"0,00","0,00",EUR,"13,5","0,00",PAID,"0,00","12,200",kWh,,,,,,,,,,"ePower ",7025,"Marymount CP1 002 ",13022,Marymount,Cork,"Curraheen Rd, Bishopstown, Cork ",IE,"Garo LS4 OCPP 1.6-J",GARLS4002,1,TYPE2,"Internal Customer",,,,"ePower ","ePower ",,,
2GnKv8Zvj4,33a439e1,DLdqJ1WwDgV,CLEARED,"2019-11-12 10:00:24","2019-11-12 16:34:37",06:34:13,"0,00","0,00",EUR,"13,5","0,00",PAID,"0,00","10,300",kWh,,,,,,,,,,"ePower ",7025,"Marymount CP1 002 ",13023,Marymount,Cork,"Curraheen Rd, Bishopstown, Cork ",IE,"Garo LS4 OCPP 1.6-J",GARLS4002,2,TYPE2,"Internal Customer",,,,"ePower ","ePower ",,,
2GnKv8Zvj4,33a439e1,lOVrl5xYKGy,CLEARED,"2019-11-12 07:55:02","2019-11-12 09:39:41",01:44:39,"0,00","0,00",EUR,"13,5","0,00",PAID,"0,00","6,200",kWh,,,,,,,,,,"ePower ",7025,"Marymount CP1 002 ",13023,Marymount,Cork,"Curraheen Rd, Bishopstown, Cork ",IE,"Garo LS4 OCPP 1.6-J",GARLS4002,2,TYPE2,"Internal Customer",,,,"ePower ","ePower ",,,
2GnKv8Zvj4,2d45ab17,r6l3brkzBKQ,CLEARED,"2019-11-12 07:54:40","2019-11-12 14:24:23",06:29:43,"0,00","0,00",EUR,"13,5","0,00",PAID,"0,00","13,800",kWh,,,,,,,,,,"ePower ",7025,"Marymount CP1 002 ",13022,Marymount,Cork,"Curraheen Rd, Bishopstown, Cork ",IE,"Garo LS4 OCPP 1.6-J",GARLS4002,1,TYPE2,"Internal Customer",,,,"ePower ","ePower ",,,
2GnKv8Zvj4,33a439e1,GmYkXBQMKz8,CLEARED,"2019-11-11 07:52:26","2019-11-11 15:29:55",07:37:29,"0,00","0,00",EUR,"13,5","0,00",PAID,"0,00","13,800",kWh,,,,,,,,,,"ePower ",7025,"Marymount CP1 002 ",13022,Marymount,Cork,"Curraheen Rd, Bishopstown, Cork ",IE,"Garo LS4 OCPP 1.6-J",GARLS4002,1,TYPE2,"Internal Customer",,,,"ePower ","ePower ",,,
2GnKv8Zvj4,ce1418f8,mvVaM0opwbx,CLEARED,"2019-11-10 11:29:30","2019-11-10 12:35:01",01:05:31,"0,00","0,00",EUR,"13,5","0,00",PAID,"0,00","8,800",kWh,,,,,,,,,,"ePower ",7025,"Marymount CP1 002 ",13022,Marymount,Cork,"Curraheen Rd, Bishopstown, Cork ",IE,"Garo LS4 OCPP 1.6-J",GARLS4002,1,TYPE2,"Internal Customer",,,,"ePower ","ePower ",,,
2GnKv8Zvj4,ce1418f8,RegQ8qgra1y,CLEARED,"2019-11-09 09:58:41","2019-11-09 16:59:59",07:01:18,"0,00","0,00",EUR,"13,5","0,00",PAID,"0,00","9,000",kWh,,,,,,,,,,"ePower ",7025,"Marymount CP1 002 ",13023,Marymount,Cork,"Curraheen Rd, Bishopstown, Cork ",IE,"Garo LS4 OCPP 1.6-J",GARLS4002,2,TYPE2,"Internal Customer",,,,"ePower ","ePower ",,,
2GnKv8Zvj4,7d0ab617,3BXmg4G9Nqz,CLEARED,"2019-11-08 16:37:40","2019-11-09 10:50:43",18:13:03,"0,00","0,00",EUR,"13,5","0,00",PAID,"0,00","11,700",kWh,,,,,,,,,,"ePower ",7025,"Marymount CP1 002 ",13022,Marymount,Cork,"Curraheen Rd, Bishopstown, Cork ",IE,"Garo LS4 OCPP 1.6-J",GARLS4002,1,TYPE2,"Internal Customer",,,,"ePower ","ePower ",,,
2GnKv8Zvj4,7d0ab617,XDvOq1awgLb,CLEARED,"2019-11-07 16:20:48","2019-11-08 11:04:25",18:43:37,"0,00","0,00",EUR,"13,5","0,00",PAID,"0,00","22,700",kWh,,,,,,,,,,"ePower ",7025,"Marymount CP1 002 ",13022,Marymount,Cork,"Curraheen Rd, Bishopstown, Cork ",IE,"Garo LS4 OCPP 1.6-J",GARLS4002,1,TYPE2,"Internal Customer",,,,"ePower ","ePower ",,,
2GnKv8Zvj4,7d0ab617,mvM15ZK1vvK,CLEARED,"2019-11-07 10:33:09","2019-11-07 10:33:20",00:00:11,"0,00","0,00",EUR,"13,5","0,00",PAID,"0,00","0,000",kWh,,,,,,,,,,"ePower ",7025,"Marymount CP1 002 ",13022,Marymount,Cork,"Curraheen Rd, Bishopstown, Cork ",IE,"Garo LS4 OCPP 1.6-J",GARLS4002,1,TYPE2,"Internal Customer",,,,"ePower ","ePower ",,,
2GnKv8Zvj4,7d0ab617,2dJKAoedP8w,CLEARED,"2019-11-07 10:32:10","2019-11-07 10:32:20",00:00:10,"0,00","0,00",EUR,"13,5","0,00",PAID,"0,00","0,000",kWh,,,,,,,,,,"ePower ",7025,"Marymount CP1 002 ",13022,Marymount,Cork,"Curraheen Rd, Bishopstown, Cork ",IE,"Garo LS4 OCPP 1.6-J",GARLS4002,1,TYPE2,"Internal Customer",,,,"ePower ","ePower ",,,
2GnKv8Zvj4,7d0ab617,ryL325ROr1K,CLEARED,"2019-11-07 10:31:02","2019-11-07 10:31:16",00:00:14,"0,00","0,00",EUR,"13,5","0,00",PAID,"0,00","0,000",kWh,,,,,,,,,,"ePower ",7025,"Marymount CP1 002 ",13022,Marymount,Cork,"Curraheen Rd, Bishopstown, Cork ",IE,"Garo LS4 OCPP 1.6-J",GARLS4002,1,TYPE2,"Internal Customer",,,,"ePower ","ePower ",,,
2GnKv8Zvj4,33a439e1,qb6XZl885VB,CLEARED,"2019-11-07 09:42:27","2019-11-07 17:46:56",08:04:29,"0,00","0,00",EUR,"13,5","0,00",PAID,"0,00","8,900",kWh,,,,,,,,,,"ePower ",7025,"Marymount CP1 002 ",13023,Marymount,Cork,"Curraheen Rd, Bishopstown, Cork ",IE,"Garo LS4 OCPP 1.6-J",GARLS4002,2,TYPE2,"Internal Customer",,,,"ePower ","ePower ",,,
2GnKv8Zvj4,33a439e1,VNZZAQ4xA34,CLEARED,"2019-11-06 07:51:52","2019-11-06 16:48:32",08:56:40,"0,00","0,00",EUR,"13,5","0,00",PAID,"0,00","10,000",kWh,,,,,,,,,,"ePower ",7025,"Marymount CP1 002 ",13023,Marymount,Cork,"Curraheen Rd, Bishopstown, Cork ",IE,"Garo LS4 OCPP 1.6-J",GARLS4002,2,TYPE2,"Internal Customer",,,,"ePower ","ePower ",,,
2GnKv8Zvj4,33a439e1,D154mAgZ5Q1,CLEARED,"2019-11-05 09:49:30","2019-11-05 16:14:20",06:24:50,"0,00","0,00",EUR,"13,5","0,00",PAID,"0,00","10,800",kWh,,,,,,,,,,"ePower ",7025,"Marymount CP1 002 ",13023,Marymount,Cork,"Curraheen Rd, Bishopstown, Cork ",IE,"Garo LS4 OCPP 1.6-J",GARLS4002,2,TYPE2,"Internal Customer",,,,"ePower ","ePower ",,,
2GnKv8Zvj4,ce1418f8,b6wBGkd3qNl,CLEARED,"2019-11-04 14:52:38","2019-11-04 18:03:59",03:11:21,"0,00","0,00",EUR,"13,5","0,00",PAID,"0,00","10,700",kWh,,,,,,,,,,"ePower ",7025,"Marymount CP1 002 ",13023,Marymount,Cork,"Curraheen Rd, Bishopstown, Cork ",IE,"Garo LS4 OCPP 1.6-J",GARLS4002,2,TYPE2,"Internal Customer",,,,"ePower ","ePower ",,,
2GnKv8Zvj4,ce1418f8,mpYg1NZmYQz,CLEARED,"2019-11-03 10:45:49","2019-11-03 11:33:54",00:48:05,"0,00","0,00",EUR,"13,5","0,00",PAID,"0,00","8,700",kWh,,,,,,,,,,"ePower ",7025,"Marymount CP1 002 ",13023,Marymount,Cork,"Curraheen Rd, Bishopstown, Cork ",IE,"Garo LS4 OCPP 1.6-J",GARLS4002,2,TYPE2,"Internal Customer",,,,"ePower ","ePower ",,,
2GnKv8Zvj4,7d0ab617,5RVRJReRKA,CLEARED,"2019-11-01 16:03:58","2019-11-07 10:07:05",138:03:07,"0,00","0,00",EUR,"13,5","0,00",PAID,"0,00","12,000",kWh,,,,,,,,,,"ePower ",7025,"Marymount CP1 002 ",13022,Marymount,Cork,"Curraheen Rd, Bishopstown, Cork ",IE,"Garo LS4 OCPP 1.6-J",GARLS4002,1,TYPE2,"Internal Customer",,,,"ePower ","ePower ",,,
