userId,keyIdentifier,sessionId,sessionState,startTime,stopTime,duration,priceInclVat,priceExclVat,currency,vatPercent,vatAmount,balanceStatus,balance,energy,energyUnit,transactionId,invoiceNumbers,transactionlessReason,transactionDates,paymentMethods,paymentOutcomes,applicationFees,payoutAmount,stripeIds,assetOwnerOrgName,chargePointId,chargePointName,connectorId,chargePointSiteName,city,streetAddress,countryCode,chargePointModel,assetLabel,connectorLabel,connectorType,identityType,hashedPhoneNumber,partnerName,partnerEmpId,empName,chargePointOperatorName,connectorGroups,billingId,evseId
2GnKv8Zvj4,ce1418f8,LO4lyw9WLJP,CLEARED,"2020-02-29 09:53:16","2020-02-29 16:57:43",07:04:27,"0,00","0,00",EUR,"13,5","0,00",PAID,"0,00","17,700",kWh,,,,,,,,,,"ePower ",7025,"Marymount CP1 002 ",13023,Marymount,Cork,"Curraheen Rd, Bishopstown, Cork ",IE,"Garo LS4 OCPP 1.6-J",GARLS4002,2,TYPE2,"Internal Customer",,,,"ePower ","ePower ",,,
2GnKv8Zvj4,33a439e1,2bRWbQPv0mp,CLEARED,"2020-02-28 07:54:21","2020-02-28 15:03:22",07:09:01,"0,00","0,00",EUR,"13,5","0,00",PAID,"0,00","15,800",kWh,,,,,,,,,,"ePower ",7025,"Marymount CP1 002 ",13023,Marymount,Cork,"Curraheen Rd, Bishopstown, Cork ",IE,"Garo LS4 OCPP 1.6-J",GARLS4002,2,TYPE2,"Internal Customer",,,,"ePower ","ePower ",,,
2GnKv8Zvj4,2d45ab17,w1660yA9mpd,CLEARED,"2020-02-27 14:26:36","2020-02-27 15:13:46",00:47:10,"0,00","0,00",EUR,"13,5","0,00",PAID,"0,00","2,200",kWh,,,,,,,,,,"ePower ",7025,"Marymount CP1 002 ",13023,Marymount,Cork,"Curraheen Rd, Bishopstown, Cork ",IE,"Garo LS4 OCPP 1.6-J",GARLS4002,2,TYPE2,"Internal Customer",,,,"ePower ","ePower ",,,
2GnKv8Zvj4,33a439e1,gA5arKG6kAg,CLEARED,"2020-02-27 09:27:03","2020-02-27 15:06:57",05:39:54,"0,00","0,00",EUR,"13,5","0,00",PAID,"0,00","7,900",kWh,,,,,,,,,,"ePower ",7025,"Marymount CP1 002 ",13022,Marymount,Cork,"Curraheen Rd, Bishopstown, Cork ",IE,"Garo LS4 OCPP 1.6-J",GARLS4002,1,TYPE2,"Internal Customer",,,,"ePower ","ePower ",,,
2GnKv8Zvj4,33a439e1,BOYgzloDr8q,CLEARED,"2020-02-26 08:36:42","2020-02-26 15:08:50",06:32:08,"0,00","0,00",EUR,"13,5","0,00",PAID,"0,00","8,900",kWh,,,,,,,,,,"ePower ",7025,"Marymount CP1 002 ",13022,Marymount,Cork,"Curraheen Rd, Bishopstown, Cork ",IE,"Garo LS4 OCPP 1.6-J",GARLS4002,1,TYPE2,"Internal Customer",,,,"ePower ","ePower ",,,
2GnKv8Zvj4,33a439e1,ve8ZglBgPkJ,CLEARED,"2020-02-25 07:52:24","2020-02-25 16:57:53",09:05:29,"0,00","0,00",EUR,"13,5","0,00",PAID,"0,00","12,800",kWh,,,,,,,,,,"ePower ",7025,"Marymount CP1 002 ",13022,Marymount,Cork,"Curraheen Rd, Bishopstown, Cork ",IE,"Garo LS4 OCPP 1.6-J",GARLS4002,1,TYPE2,"Internal Customer",,,,"ePower ","ePower ",,,
2GnKv8Zvj4,2d45ab17,gxoAVKz3oRy,CLEARED,"2020-02-24 08:51:05","2020-02-24 17:43:51",08:52:46,"0,00","0,00",EUR,"13,5","0,00",PAID,"0,00","13,400",kWh,,,,,,,,,,"ePower ",7025,"Marymount CP1 002 ",13023,Marymount,Cork,"Curraheen Rd, Bishopstown, Cork ",IE,"Garo LS4 OCPP 1.6-J",GARLS4002,2,TYPE2,"Internal Customer",,,,"ePower ","ePower ",,,
2GnKv8Zvj4,2d45ab17,0gQJYGQ8qKR,CLEARED,"2020-02-24 08:50:50","2020-02-24 08:50:55",00:00:05,"0,00","0,00",EUR,"13,5","0,00",PAID,"0,00","0,000",kWh,,,,,,,,,,"ePower ",7025,"Marymount CP1 002 ",13023,Marymount,Cork,"Curraheen Rd, Bishopstown, Cork ",IE,"Garo LS4 OCPP 1.6-J",GARLS4002,2,TYPE2,"Internal Customer",,,,"ePower ","ePower ",,,
2GnKv8Zvj4,33a439e1,VAg9RdeBpWg,CLEARED,"2020-02-24 07:55:06","2020-02-24 15:54:50",07:59:44,"0,00","0,00",EUR,"13,5","0,00",PAID,"0,00","11,100",kWh,,,,,,,,,,"ePower ",7025,"Marymount CP1 002 ",13022,Marymount,Cork,"Curraheen Rd, Bishopstown, Cork ",IE,"Garo LS4 OCPP 1.6-J",GARLS4002,1,TYPE2,"Internal Customer",,,,"ePower ","ePower ",,,
2GnKv8Zvj4,ce1418f8,8abxmPVmgd5,CLEARED,"2020-02-23 10:54:51","2020-02-23 11:49:56",00:55:05,"0,00","0,00",EUR,"13,5","0,00",PAID,"0,00","8,200",kWh,,,,,,,,,,"ePower ",7025,"Marymount CP1 002 ",13023,Marymount,Cork,"Curraheen Rd, Bishopstown, Cork ",IE,"Garo LS4 OCPP 1.6-J",GARLS4002,2,TYPE2,"Internal Customer",,,,"ePower ","ePower ",,,
2GnKv8Zvj4,ce1418f8,xDNO9RQlNy,CLEARED,"2020-02-22 16:06:24","2020-02-22 16:57:22",00:50:58,"0,00","0,00",EUR,"13,5","0,00",PAID,"0,00","5,100",kWh,,,,,,,,,,"ePower ",7025,"Marymount CP1 002 ",13023,Marymount,Cork,"Curraheen Rd, Bishopstown, Cork ",IE,"Garo LS4 OCPP 1.6-J",GARLS4002,2,TYPE2,"Internal Customer",,,,"ePower ","ePower ",,,
2GnKv8Zvj4,ce1418f8,ykBwKOa3Db4,CLEARED,"2020-02-22 12:23:20","2020-02-22 16:06:15",03:42:55,"0,00","0,00",EUR,"13,5","0,00",PAID,"0,00","0,100",kWh,,,,,,,,,,"ePower ",7025,"Marymount CP1 002 ",13022,Marymount,Cork,"Curraheen Rd, Bishopstown, Cork ",IE,"Garo LS4 OCPP 1.6-J",GARLS4002,1,TYPE2,"Internal Customer",,,,"ePower ","ePower ",,,
2GnKv8Zvj4,ce1418f8,gAmWK3Yp3M4,CLEARED,"2020-02-21 12:18:16","2020-02-21 17:02:03",04:43:47,"0,00","0,00",EUR,"13,5","0,00",PAID,"0,00","8,400",kWh,,,,,,,,,,"ePower ",7025,"Marymount CP1 002 ",13023,Marymount,Cork,"Curraheen Rd, Bishopstown, Cork ",IE,"Garo LS4 OCPP 1.6-J",GARLS4002,2,TYPE2,"Internal Customer",,,,"ePower ","ePower ",,,
2GnKv8Zvj4,ce1418f8,yeG96vLbR42,CLEARED,"2020-02-21 08:58:30","2020-02-21 10:10:07",01:11:37,"0,00","0,00",EUR,"13,5","0,00",PAID,"0,00","8,400",kWh,,,,,,,,,,"ePower ",7025,"Marymount CP1 002 ",13023,Marymount,Cork,"Curraheen Rd, Bishopstown, Cork ",IE,"Garo LS4 OCPP 1.6-J",GARLS4002,2,TYPE2,"Internal Customer",,,,"ePower ","ePower ",,,
2GnKv8Zvj4,33a439e1,XGLM0edqOx4,CLEARED,"2020-02-21 07:54:46","2020-02-21 14:24:04",06:29:18,"0,00","0,00",EUR,"13,5","0,00",PAID,"0,00","11,700",kWh,,,,,,,,,,"ePower ",7025,"Marymount CP1 002 ",13022,Marymount,Cork,"Curraheen Rd, Bishopstown, Cork ",IE,"Garo LS4 OCPP 1.6-J",GARLS4002,1,TYPE2,"Internal Customer",,,,"ePower ","ePower ",,,
2GnKv8Zvj4,ce1418f8,NDbOZmPpW4Y,CLEARED,"2020-02-20 15:30:06","2020-02-20 16:42:14",01:12:08,"0,00","0,00",EUR,"13,5","0,00",PAID,"0,00","8,900",kWh,,,,,,,,,,"ePower ",7025,"Marymount CP1 002 ",13023,Marymount,Cork,"Curraheen Rd, Bishopstown, Cork ",IE,"Garo LS4 OCPP 1.6-J",GARLS4002,2,TYPE2,"Internal Customer",,,,"ePower ","ePower ",,,
2GnKv8Zvj4,33a439e1,qMGwzWr8A9B,CLEARED,"2020-02-20 13:39:44","2020-02-20 16:34:03",02:54:19,"0,00","0,00",EUR,"13,5","0,00",PAID,"0,00","4,100",kWh,,,,,,,,,,"ePower ",7025,"Marymount CP1 002 ",13022,Marymount,Cork,"Curraheen Rd, Bishopstown, Cork ",IE,"Garo LS4 OCPP 1.6-J",GARLS4002,1,TYPE2,"Internal Customer",,,,"ePower ","ePower ",,,
2GnKv8Zvj4,33a439e1,1qMaRLYX9Lr,CLEARED,"2020-02-20 10:13:36","2020-02-20 11:00:51",00:47:15,"0,00","0,00",EUR,"13,5","0,00",PAID,"0,00","1,200",kWh,,,,,,,,,,"ePower ",7025,"Marymount CP1 002 ",13022,Marymount,Cork,"Curraheen Rd, Bishopstown, Cork ",IE,"Garo LS4 OCPP 1.6-J",GARLS4002,1,TYPE2,"Internal Customer",,,,"ePower ","ePower ",,,
2GnKv8Zvj4,33a439e1,KAWpk3mQw2r,CLEARED,"2020-02-20 07:55:52","2020-02-20 09:48:06",01:52:14,"0,00","0,00",EUR,"13,5","0,00",PAID,"0,00","2,600",kWh,,,,,,,,,,"ePower ",7025,"Marymount CP1 002 ",13022,Marymount,Cork,"Curraheen Rd, Bishopstown, Cork ",IE,"Garo LS4 OCPP 1.6-J",GARLS4002,1,TYPE2,"Internal Customer",,,,"ePower ","ePower ",,,
2GnKv8Zvj4,33a439e1,oRvq8A1YZV,CLEARED,"2020-02-19 15:28:21","2020-02-19 16:34:59",01:06:38,"0,00","0,00",EUR,"13,5","0,00",PAID,"0,00","1,600",kWh,,,,,,,,,,"ePower ",7025,"Marymount CP1 002 ",13022,Marymount,Cork,"Curraheen Rd, Bishopstown, Cork ",IE,"Garo LS4 OCPP 1.6-J",GARLS4002,1,TYPE2,"Internal Customer",,,,"ePower ","ePower ",,,
2GnKv8Zvj4,ce1418f8,ABJQ9GQ0rP4,CLEARED,"2020-02-19 07:57:07","2020-02-19 09:05:08",01:08:01,"0,00","0,00",EUR,"13,5","0,00",PAID,"0,00","8,300",kWh,,,,,,,,,,"ePower ",7025,"Marymount CP1 002 ",13023,Marymount,Cork,"Curraheen Rd, Bishopstown, Cork ",IE,"Garo LS4 OCPP 1.6-J",GARLS4002,2,TYPE2,"Internal Customer",,,,"ePower ","ePower ",,,
2GnKv8Zvj4,33a439e1,B6az9W33ykA,CLEARED,"2020-02-19 07:54:03","2020-02-19 14:32:30",06:38:27,"0,00","0,00",EUR,"13,5","0,00",PAID,"0,00","9,200",kWh,,,,,,,,,,"ePower ",7025,"Marymount CP1 002 ",13022,Marymount,Cork,"Curraheen Rd, Bishopstown, Cork ",IE,"Garo LS4 OCPP 1.6-J",GARLS4002,1,TYPE2,"Internal Customer",,,,"ePower ","ePower ",,,
2GnKv8Zvj4,33a439e1,zN42o1GVKJO,CLEARED,"2020-02-18 12:08:21","2020-02-18 15:42:24",03:34:03,"0,00","0,00",EUR,"13,5","0,00",PAID,"0,00","9,100",kWh,,,,,,,,,,"ePower ",7025,"Marymount CP1 002 ",13022,Marymount,Cork,"Curraheen Rd, Bishopstown, Cork ",IE,"Garo LS4 OCPP 1.6-J",GARLS4002,1,TYPE2,"Internal Customer",,,,"ePower ","ePower ",,,
2GnKv8Zvj4,2d45ab17,LqrOP3kQyoM,CLEARED,"2020-02-18 08:19:34","2020-02-18 16:12:51",07:53:17,"0,00","0,00",EUR,"13,5","0,00",PAID,"0,00","12,200",kWh,,,,,,,,,,"ePower ",7025,"Marymount CP1 002 ",13023,Marymount,Cork,"Curraheen Rd, Bishopstown, Cork ",IE,"Garo LS4 OCPP 1.6-J",GARLS4002,2,TYPE2,"Internal Customer",,,,"ePower ","ePower ",,,
2GnKv8Zvj4,33a439e1,OdDMmyKbzZq,CLEARED,"2020-02-18 07:53:31","2020-02-18 10:55:00",03:01:29,"0,00","0,00",EUR,"13,5","0,00",PAID,"0,00","4,100",kWh,,,,,,,,,,"ePower ",7025,"Marymount CP1 002 ",13022,Marymount,Cork,"Curraheen Rd, Bishopstown, Cork ",IE,"Garo LS4 OCPP 1.6-J",GARLS4002,1,TYPE2,"Internal Customer",,,,"ePower ","ePower ",,,
2GnKv8Zvj4,33a439e1,X8QVBDqqQxO,CLEARED,"2020-02-17 12:32:46","2020-02-17 16:27:25",03:54:39,"0,00","0,00",EUR,"13,5","0,00",PAID,"0,00","12,600",kWh,,,,,,,,,,"ePower ",7025,"Marymount CP1 002 ",13022,Marymount,Cork,"Curraheen Rd, Bishopstown, Cork ",IE,"Garo LS4 OCPP 1.6-J",GARLS4002,1,TYPE2,"Internal Customer",,,,"ePower ","ePower ",,,
2GnKv8Zvj4,2d45ab17,kN1Pl3VBgMy,CLEARED,"2020-02-17 08:50:40","2020-02-17 17:40:03",08:49:23,"0,00","0,00",EUR,"13,5","0,00",PAID,"0,00","14,200",kWh,,,,,,,,,,"ePower ",7025,"Marymount CP1 002 ",13023,Marymount,Cork,"Curraheen Rd, Bishopstown, Cork ",IE,"Garo LS4 OCPP 1.6-J",GARLS4002,2,TYPE2,"Internal Customer",,,,"ePower ","ePower ",,,
2GnKv8Zvj4,33a439e1,1dbal44PK3Y,CLEARED,"2020-02-17 07:45:12","2020-02-17 11:45:17",04:00:05,"0,00","0,00",EUR,"13,5","0,00",PAID,"0,00","5,500",kWh,,,,,,,,,,"ePower ",7025,"Marymount CP1 002 ",13022,Marymount,Cork,"Curraheen Rd, Bishopstown, Cork ",IE,"Garo LS4 OCPP 1.6-J",GARLS4002,1,TYPE2,"Internal Customer",,,,"ePower ","ePower ",,,
2GnKv8Zvj4,3e0714f8,2rLaKxwVPep,CLEARED,"2020-02-15 11:45:45","2020-02-15 16:58:07",05:12:22,"0,00","0,00",EUR,"13,5","0,00",PAID,"0,00","34,200",kWh,,,,,,,,,,"ePower ",7025,"Marymount CP1 002 ",13022,Marymount,Cork,"Curraheen Rd, Bishopstown, Cork ",IE,"Garo LS4 OCPP 1.6-J",GARLS4002,1,TYPE2,"Internal Customer",,,,"ePower ","ePower ",,,
2GnKv8Zvj4,ce1418f8,aQ8KPBaDpwp,CLEARED,"2020-02-14 15:15:32","2020-02-14 17:31:00",02:15:28,"0,00","0,00",EUR,"13,5","0,00",PAID,"0,00","2,200",kWh,,,,,,,,,,"ePower ",7025,"Marymount CP1 002 ",13022,Marymount,Cork,"Curraheen Rd, Bishopstown, Cork ",IE,"Garo LS4 OCPP 1.6-J",GARLS4002,1,TYPE2,"Internal Customer",,,,"ePower ","ePower ",,,
2GnKv8Zvj4,ce1418f8,rAmbO91y82,CLEARED,"2020-02-14 09:26:50","2020-02-14 14:06:32",04:39:42,"0,00","0,00",EUR,"13,5","0,00",PAID,"0,00","18,000",kWh,,,,,,,,,,"ePower ",7025,"Marymount CP1 002 ",13023,Marymount,Cork,"Curraheen Rd, Bishopstown, Cork ",IE,"Garo LS4 OCPP 1.6-J",GARLS4002,2,TYPE2,"Internal Customer",,,,"ePower ","ePower ",,,
2GnKv8Zvj4,33a439e1,XekQALY9O54,CLEARED,"2020-02-14 07:50:31","2020-02-14 14:17:10",06:26:39,"0,00","0,00",EUR,"13,5","0,00",PAID,"0,00","16,400",kWh,,,,,,,,,,"ePower ",7025,"Marymount CP1 002 ",13022,Marymount,Cork,"Curraheen Rd, Bishopstown, Cork ",IE,"Garo LS4 OCPP 1.6-J",GARLS4002,1,TYPE2,"Internal Customer",,,,"ePower ","ePower ",,,
2GnKv8Zvj4,2d45ab17,arpJ9rlAZlk,CLEARED,"2020-02-13 09:17:05","2020-02-13 11:59:28",02:42:23,"0,00","0,00",EUR,"13,5","0,00",PAID,"0,00","3,300",kWh,,,,,,,,,,"ePower ",7025,"Marymount CP1 002 ",13023,Marymount,Cork,"Curraheen Rd, Bishopstown, Cork ",IE,"Garo LS4 OCPP 1.6-J",GARLS4002,2,TYPE2,"Internal Customer",,,,"ePower ","ePower ",,,
2GnKv8Zvj4,33a439e1,qbXwMWkA9wV,CLEARED,"2020-02-13 08:48:51","2020-02-13 11:59:02",03:10:11,"0,00","0,00",EUR,"13,5","0,00",PAID,"0,00","4,400",kWh,,,,,,,,,,"ePower ",7025,"Marymount CP1 002 ",13022,Marymount,Cork,"Curraheen Rd, Bishopstown, Cork ",IE,"Garo LS4 OCPP 1.6-J",GARLS4002,1,TYPE2,"Internal Customer",,,,"ePower ","ePower ",,,
2GnKv8Zvj4,33a439e1,JkGBDwdKo1Y,CLEARED,"2020-02-12 08:56:54","2020-02-12 15:37:28",06:40:34,"0,00","0,00",EUR,"13,5","0,00",PAID,"0,00","9,200",kWh,,,,,,,,,,"ePower ",7025,"Marymount CP1 002 ",13022,Marymount,Cork,"Curraheen Rd, Bishopstown, Cork ",IE,"Garo LS4 OCPP 1.6-J",GARLS4002,1,TYPE2,"Internal Customer",,,,"ePower ","ePower ",,,
2GnKv8Zvj4,2d45ab17,BAqb11QveLp,CLEARED,"2020-02-12 08:07:05","2020-02-12 15:29:55",07:22:50,"0,00","0,00",EUR,"13,5","0,00",PAID,"0,00","12,800",kWh,,,,,,,,,,"ePower ",7025,"Marymount CP1 002 ",13023,Marymount,Cork,"Curraheen Rd, Bishopstown, Cork ",IE,"Garo LS4 OCPP 1.6-J",GARLS4002,2,TYPE2,"Internal Customer",,,,"ePower ","ePower ",,,
2GnKv8Zvj4,33a439e1,LWJbD36gRYA,CLEARED,"2020-02-11 10:02:34","2020-02-11 17:13:44",07:11:10,"0,00","0,00",EUR,"13,5","0,00",PAID,"0,00","14,700",kWh,,,,,,,,,,"ePower ",7025,"Marymount CP1 002 ",13022,Marymount,Cork,"Curraheen Rd, Bishopstown, Cork ",IE,"Garo LS4 OCPP 1.6-J",GARLS4002,1,TYPE2,"Internal Customer",,,,"ePower ","ePower ",,,
2GnKv8Zvj4,33a439e1,pOpz3OP2A5M,CLEARED,"2020-02-11 07:53:46","2020-02-11 09:31:33",01:37:47,"0,00","0,00",EUR,"13,5","0,00",PAID,"0,00","2,200",kWh,,,,,,,,,,"ePower ",7025,"Marymount CP1 002 ",13022,Marymount,Cork,"Curraheen Rd, Bishopstown, Cork ",IE,"Garo LS4 OCPP 1.6-J",GARLS4002,1,TYPE2,"Internal Customer",,,,"ePower ","ePower ",,,
2GnKv8Zvj4,2d45ab17,vpJ2XlpOYl9,CLEARED,"2020-02-10 08:46:08","2020-02-10 17:30:19",08:44:11,"0,00","0,00",EUR,"13,5","0,00",PAID,"0,00","13,300",kWh,,,,,,,,,,"ePower ",7025,"Marymount CP1 002 ",13023,Marymount,Cork,"Curraheen Rd, Bishopstown, Cork ",IE,"Garo LS4 OCPP 1.6-J",GARLS4002,2,TYPE2,"Internal Customer",,,,"ePower ","ePower ",,,
2GnKv8Zvj4,33a439e1,6mqDoyWMmZx,CLEARED,"2020-02-10 07:52:51","2020-02-10 14:18:17",06:25:26,"0,00","0,00",EUR,"13,5","0,00",PAID,"0,00","16,500",kWh,,,,,,,,,,"ePower ",7025,"Marymount CP1 002 ",13022,Marymount,Cork,"Curraheen Rd, Bishopstown, Cork ",IE,"Garo LS4 OCPP 1.6-J",GARLS4002,1,TYPE2,"Internal Customer",,,,"ePower ","ePower ",,,
2GnKv8Zvj4,2d45ab17,a86AbQzq556,CLEARED,"2020-02-07 08:32:20","2020-02-07 10:30:33",01:58:13,"0,00","0,00",EUR,"13,5","0,00",PAID,"0,00","2,400",kWh,,,,,,,,,,"ePower ",7025,"Marymount CP1 002 ",13023,Marymount,Cork,"Curraheen Rd, Bishopstown, Cork ",IE,"Garo LS4 OCPP 1.6-J",GARLS4002,2,TYPE2,"Internal Customer",,,,"ePower ","ePower ",,,
2GnKv8Zvj4,7d0ab617,g2NZdRrrk3X,CLEARED,"2020-02-05 15:23:46","2020-02-07 10:30:45",43:06:59,"0,00","0,00",EUR,"13,5","0,00",PAID,"0,00","11,100",kWh,,,,,,,,,,"ePower ",7025,"Marymount CP1 002 ",13022,Marymount,Cork,"Curraheen Rd, Bishopstown, Cork ",IE,"Garo LS4 OCPP 1.6-J",GARLS4002,1,TYPE2,"Internal Customer",,,,"ePower ","ePower ",,,
2GnKv8Zvj4,2d45ab17,W8RlwlDoa6X,CLEARED,"2020-02-04 11:13:21","2020-02-04 13:56:43",02:43:22,"0,00","0,00",EUR,"13,5","0,00",PAID,"0,00","4,600",kWh,,,,,,,,,,"ePower ",7025,"Marymount CP1 002 ",13022,Marymount,Cork,"Curraheen Rd, Bishopstown, Cork ",IE,"Garo LS4 OCPP 1.6-J",GARLS4002,1,TYPE2,"Internal Customer",,,,"ePower ","ePower ",,,
2GnKv8Zvj4,2d45ab17,PzqYL84g9wp,CLEARED,"2020-02-04 11:13:11","2020-02-04 13:56:42",02:43:31,"0,00","0,00",EUR,"13,5","0,00",PAID,"0,00","4,000",kWh,,,,,,,,,,"ePower ",7025,"Marymount CP1 002 ",13023,Marymount,Cork,"Curraheen Rd, Bishopstown, Cork ",IE,"Garo LS4 OCPP 1.6-J",GARLS4002,2,TYPE2,"Internal Customer",,,,"ePower ","ePower ",,,
2GnKv8Zvj4,2d45ab17,8evvQWJy4Ql,CLEARED,"2020-02-03 13:05:45","2020-02-03 16:31:48",03:26:03,"0,00","0,00",EUR,"13,5","0,00",PAID,"0,00","11,100",kWh,,,,,,,,,,"ePower ",7025,"Marymount CP1 002 ",13023,Marymount,Cork,"Curraheen Rd, Bishopstown, Cork ",IE,"Garo LS4 OCPP 1.6-J",GARLS4002,2,TYPE2,"Internal Customer",,,,"ePower ","ePower ",,,
2GnKv8Zvj4,ce1418f8,qOgNJVZYGPz,CLEARED,"2020-02-03 11:03:16","2020-02-03 14:05:05",03:01:49,"0,00","0,00",EUR,"13,5","0,00",PAID,"0,00","15,800",kWh,,,,,,,,,,"ePower ",7025,"Marymount CP1 002 ",13022,Marymount,Cork,"Curraheen Rd, Bishopstown, Cork ",IE,"Garo LS4 OCPP 1.6-J",GARLS4002,1,TYPE2,"Internal Customer",,,,"ePower ","ePower ",,,
2GnKv8Zvj4,ce1418f8,WWXdK4qYvez,CLEARED,"2020-02-01 12:19:19","2020-02-01 17:01:44",04:42:25,"0,00","0,00",EUR,"13,5","0,00",PAID,"0,00","0,000",kWh,,,,,,,,,,"ePower ",7025,"Marymount CP1 002 ",13023,Marymount,Cork,"Curraheen Rd, Bishopstown, Cork ",IE,"Garo LS4 OCPP 1.6-J",GARLS4002,2,TYPE2,"Internal Customer",,,,"ePower ","ePower ",,,
2GnKv8Zvj4,ce1418f8,r8zbwZx2NMb,CLEARED,"2020-02-01 09:52:48","2020-02-01 11:49:57",01:57:09,"0,00","0,00",EUR,"13,5","0,00",PAID,"0,00","12,000",kWh,,,,,,,,,,"ePower ",7025,"Marymount CP1 002 ",13023,Marymount,Cork,"Curraheen Rd, Bishopstown, Cork ",IE,"Garo LS4 OCPP 1.6-J",GARLS4002,2,TYPE2,"Internal Customer",,,,"ePower ","ePower ",,,
