userId,keyIdentifier,sessionId,sessionState,startTime,stopTime,duration,priceInclVat,priceExclVat,currency,vatPercent,vatAmount,balanceStatus,balance,energy,energyUnit,transactionId,invoiceNumbers,transactionlessReason,transactionDates,paymentMethods,paymentOutcomes,applicationFees,payoutAmount,stripeIds,assetOwnerOrgName,chargePointId,chargePointName,connectorId,chargePointSiteName,city,streetAddress,countryCode,chargePointModel,assetLabel,connectorLabel,connectorType,identityType,hashedPhoneNumber,partnerName,partnerEmpId,empName,chargePointOperatorName,connectorGroups,billingId,evseId
2GnKv8Zvj4,fd776717,3NNVa0p9mOO,CLEARED,"2020-01-31 16:11:25","2020-02-03 11:08:07",66:56:42,"0,00","0,00",EUR,"13,5","0,00",PAID,"0,00","8,100",kWh,,,,,,,,,,"ePower ",6981,"Marymount CP1 001",12955,Marymount,Cork,"Curraheen Rd, Bishopstown, Cork ",IE,"Garo LS4 OCPP 1.6-J",GARLS4001,1,TYPE2,"Internal Customer",,,,"ePower ","ePower ",,,
2GnKv8Zvj4,2d45ab17,wp2vZyMDRzB,CLEARED,"2020-01-31 09:58:00","2020-01-31 14:18:55",04:20:55,"0,00","0,00",EUR,"13,5","0,00",PAID,"0,00","8,600",kWh,,,,,,,,,,"ePower ",6981,"Marymount CP1 001",12956,Marymount,Cork,"Curraheen Rd, Bishopstown, Cork ",IE,"Garo LS4 OCPP 1.6-J",GARLS4001,2,TYPE2,"Internal Customer",,,,"ePower ","ePower ",,,
2GnKv8Zvj4,33a439e1,6Ae4OWPbYLP,CLEARED,"2020-01-31 07:49:46","2020-01-31 14:19:13",06:29:27,"0,00","0,00",EUR,"13,5","0,00",PAID,"0,00","8,500",kWh,,,,,,,,,,"ePower ",6981,"Marymount CP1 001",12955,Marymount,Cork,"Curraheen Rd, Bishopstown, Cork ",IE,"Garo LS4 OCPP 1.6-J",GARLS4001,1,TYPE2,"Internal Customer",,,,"ePower ","ePower ",,,
2GnKv8Zvj4,33a439e1,ygeWBXoKzb2,CLEARED,"2020-01-30 09:58:28","2020-01-30 16:27:32",06:29:04,"0,00","0,00",EUR,"13,5","0,00",PAID,"0,00","13,000",kWh,,,,,,,,,,"ePower ",6981,"Marymount CP1 001",12956,Marymount,Cork,"Curraheen Rd, Bishopstown, Cork ",IE,"Garo LS4 OCPP 1.6-J",GARLS4001,2,TYPE2,"Internal Customer",,,,"ePower ","ePower ",,,
2GnKv8Zvj4,2d45ab17,qaXJZQ1w0Yo,CLEARED,"2020-01-30 09:49:52","2020-01-30 18:29:56",08:40:04,"0,00","0,00",EUR,"13,5","0,00",PAID,"0,00","11,100",kWh,,,,,,,,,,"ePower ",6981,"Marymount CP1 001",12955,Marymount,Cork,"Curraheen Rd, Bishopstown, Cork ",IE,"Garo LS4 OCPP 1.6-J",GARLS4001,1,TYPE2,"Internal Customer",,,,"ePower ","ePower ",,,
2GnKv8Zvj4,33a439e1,wp6y1ppL0GP,CLEARED,"2020-01-29 07:41:14","2020-01-29 16:11:59",08:30:45,"0,00","0,00",EUR,"13,5","0,00",PAID,"0,00","11,900",kWh,,,,,,,,,,"ePower ",6981,"Marymount CP1 001",12955,Marymount,Cork,"Curraheen Rd, Bishopstown, Cork ",IE,"Garo LS4 OCPP 1.6-J",GARLS4001,1,TYPE2,"Internal Customer",,,,"ePower ","ePower ",,,
2GnKv8Zvj4,2d45ab17,LW5alDJp96P,CLEARED,"2020-01-28 09:22:08","2020-01-28 15:12:13",05:50:05,"0,00","0,00",EUR,"13,5","0,00",PAID,"0,00","14,900",kWh,,,,,,,,,,"ePower ",6981,"Marymount CP1 001",12956,Marymount,Cork,"Curraheen Rd, Bishopstown, Cork ",IE,"Garo LS4 OCPP 1.6-J",GARLS4001,2,TYPE2,"Internal Customer",,,,"ePower ","ePower ",,,
2GnKv8Zvj4,33a439e1,qwkA3MzYM2V,CLEARED,"2020-01-28 09:10:42","2020-01-28 16:49:32",07:38:50,"0,00","0,00",EUR,"13,5","0,00",PAID,"0,00","9,200",kWh,,,,,,,,,,"ePower ",6981,"Marymount CP1 001",12955,Marymount,Cork,"Curraheen Rd, Bishopstown, Cork ",IE,"Garo LS4 OCPP 1.6-J",GARLS4001,1,TYPE2,"Internal Customer",,,,"ePower ","ePower ",,,
2GnKv8Zvj4,2d45ab17,0oVl2Z8AWZR,CLEARED,"2020-01-27 09:15:03","2020-01-27 17:03:26",07:48:23,"0,00","0,00",EUR,"13,5","0,00",PAID,"0,00","14,100",kWh,,,,,,,,,,"ePower ",6981,"Marymount CP1 001",12956,Marymount,Cork,"Curraheen Rd, Bishopstown, Cork ",IE,"Garo LS4 OCPP 1.6-J",GARLS4001,2,TYPE2,"Internal Customer",,,,"ePower ","ePower ",,,
2GnKv8Zvj4,33a439e1,JOWXyGBPPXY,CLEARED,"2020-01-27 07:57:33","2020-01-27 15:56:31",07:58:58,"0,00","0,00",EUR,"13,5","0,00",PAID,"0,00","15,500",kWh,,,,,,,,,,"ePower ",6981,"Marymount CP1 001",12955,Marymount,Cork,"Curraheen Rd, Bishopstown, Cork ",IE,"Garo LS4 OCPP 1.6-J",GARLS4001,1,TYPE2,"Internal Customer",,,,"ePower ","ePower ",,,
2GnKv8Zvj4,7d0ab617,Zr4NGKLx4Nm,CLEARED,"2020-01-23 16:38:58","2020-01-24 11:45:24",19:06:26,"0,00","0,00",EUR,"13,5","0,00",PAID,"0,00","19,200",kWh,,,,,,,,,,"ePower ",6981,"Marymount CP1 001",12956,Marymount,Cork,"Curraheen Rd, Bishopstown, Cork ",IE,"Garo LS4 OCPP 1.6-J",GARLS4001,2,TYPE2,"Internal Customer",,,,"ePower ","ePower ",,,
2GnKv8Zvj4,fd776717,k0qOlYJQ5Ly,CLEARED,"2020-01-23 15:42:46","2020-01-24 11:05:33",19:22:47,"0,00","0,00",EUR,"13,5","0,00",PAID,"0,00","8,800",kWh,,,,,,,,,,"ePower ",6981,"Marymount CP1 001",12955,Marymount,Cork,"Curraheen Rd, Bishopstown, Cork ",IE,"Garo LS4 OCPP 1.6-J",GARLS4001,1,TYPE2,"Internal Customer",,,,"ePower ","ePower ",,,
2GnKv8Zvj4,7d0ab617,WK6VelzqylB,CLEARED,"2020-01-23 11:40:17","2020-01-23 11:40:22",00:00:05,"0,00","0,00",EUR,"13,5","0,00",PAID,"0,00","0,000",kWh,,,,,,,,,,"ePower ",6981,"Marymount CP1 001",12956,Marymount,Cork,"Curraheen Rd, Bishopstown, Cork ",IE,"Garo LS4 OCPP 1.6-J",GARLS4001,2,TYPE2,"Internal Customer",,,,"ePower ","ePower ",,,
2GnKv8Zvj4,fd776717,Gwa950ZBRJX,CLEARED,"2020-01-22 16:05:48","2020-01-23 10:23:24",18:17:36,"0,00","0,00",EUR,"13,5","0,00",PAID,"0,00","16,800",kWh,,,,,,,,,,"ePower ",6981,"Marymount CP1 001",12955,Marymount,Cork,"Curraheen Rd, Bishopstown, Cork ",IE,"Garo LS4 OCPP 1.6-J",GARLS4001,1,TYPE2,"Internal Customer",,,,"ePower ","ePower ",,,
2GnKv8Zvj4,7d0ab617,MVma3eYgD9p,CLEARED,"2020-01-22 15:04:20","2020-01-23 10:25:00",19:20:40,"0,00","0,00",EUR,"13,5","0,00",PAID,"0,00","11,100",kWh,,,,,,,,,,"ePower ",6981,"Marymount CP1 001",12956,Marymount,Cork,"Curraheen Rd, Bishopstown, Cork ",IE,"Garo LS4 OCPP 1.6-J",GARLS4001,2,TYPE2,"Internal Customer",,,,"ePower ","ePower ",,,
2GnKv8Zvj4,2d45ab17,q2O0xlkgK0B,CLEARED,"2020-01-22 08:37:31","2020-01-22 14:21:46",05:44:15,"0,00","0,00",EUR,"13,5","0,00",PAID,"0,00","12,100",kWh,,,,,,,,,,"ePower ",6981,"Marymount CP1 001",12956,Marymount,Cork,"Curraheen Rd, Bishopstown, Cork ",IE,"Garo LS4 OCPP 1.6-J",GARLS4001,2,TYPE2,"Internal Customer",,,,"ePower ","ePower ",,,
2GnKv8Zvj4,33a439e1,NOdqG0Y8MBo,CLEARED,"2020-01-22 07:54:51","2020-01-22 13:47:38",05:52:47,"0,00","0,00",EUR,"13,5","0,00",PAID,"0,00","9,800",kWh,,,,,,,,,,"ePower ",6981,"Marymount CP1 001",12955,Marymount,Cork,"Curraheen Rd, Bishopstown, Cork ",IE,"Garo LS4 OCPP 1.6-J",GARLS4001,1,TYPE2,"Internal Customer",,,,"ePower ","ePower ",,,
2GnKv8Zvj4,33a439e1,61yKBPgPbLy,CLEARED,"2020-01-21 17:41:55","2020-01-21 17:42:00",00:00:05,"0,00","0,00",EUR,"13,5","0,00",PAID,"0,00","0,000",kWh,,,,,,,,,,"ePower ",6981,"Marymount CP1 001",12955,Marymount,Cork,"Curraheen Rd, Bishopstown, Cork ",IE,"Garo LS4 OCPP 1.6-J",GARLS4001,1,TYPE2,"Internal Customer",,,,"ePower ","ePower ",,,
2GnKv8Zvj4,33a439e1,aPJ035zbgNp,CLEARED,"2020-01-21 10:14:44","2020-01-21 17:40:36",07:25:52,"0,00","0,00",EUR,"13,5","0,00",PAID,"0,00","19,000",kWh,,,,,,,,,,"ePower ",6981,"Marymount CP1 001",12955,Marymount,Cork,"Curraheen Rd, Bishopstown, Cork ",IE,"Garo LS4 OCPP 1.6-J",GARLS4001,1,TYPE2,"Internal Customer",,,,"ePower ","ePower ",,,
zOnvgv8xE6,d2b0b7f5,o3ZAlZR2lJA,CLEARED,"2020-01-20 16:45:18","2020-01-20 17:00:56",00:15:38,"5,00","4,41",EUR,"13,5","0,59",PAID,"0,00","1,900",kWh,5515435473388230,,,"2020-01-20 17:01:03","Credit Card",Charge,,,"pi_1G33cWIZ9ZqruJoTNd9yrrbY","ePower ",6981,"Marymount CP1 001",12955,Marymount,Cork,"Curraheen Rd, Bishopstown, Cork ",IE,"Garo LS4 OCPP 1.6-J",GARLS4001,1,TYPE2,"Internal Customer",,,,"ePower ","ePower ",,,
2GnKv8Zvj4,fd776717,xbvPmYvKPZr,CLEARED,"2020-01-16 17:45:29","2020-01-16 22:20:18",04:34:49,"0,00","0,00",EUR,"13,5","0,00",PAID,"0,00","0,700",kWh,,,,,,,,,,"ePower ",6981,"Marymount CP1 001",12956,Marymount,Cork,"Curraheen Rd, Bishopstown, Cork ",IE,"Garo LS4 OCPP 1.6-J",GARLS4001,2,TYPE2,"Internal Customer",,,,"ePower ","ePower ",,,
2GnKv8Zvj4,ce1418f8,8KOwqVY2Qx5,CLEARED,"2020-01-16 13:11:08","2020-01-16 16:53:40",03:42:32,"0,00","0,00",EUR,"13,5","0,00",PAID,"0,00","17,200",kWh,,,,,,,,,,"ePower ",6981,"Marymount CP1 001",12956,Marymount,Cork,"Curraheen Rd, Bishopstown, Cork ",IE,"Garo LS4 OCPP 1.6-J",GARLS4001,2,TYPE2,"Internal Customer",,,,"ePower ","ePower ",,,
2GnKv8Zvj4,fd776717,r64LNwkZXL8,CLEARED,"2020-01-16 13:03:41","2020-01-16 13:04:38",00:00:57,"0,00","0,00",EUR,"13,5","0,00",PAID,"0,00","0,000",kWh,,,,,,,,,,"ePower ",6981,"Marymount CP1 001",12956,Marymount,Cork,"Curraheen Rd, Bishopstown, Cork ",IE,"Garo LS4 OCPP 1.6-J",GARLS4001,2,TYPE2,"Internal Customer",,,,"ePower ","ePower ",,,
2GnKv8Zvj4,7d0ab617,VbNQPM3MwWg,CLEARED,"2020-01-15 17:08:28","2020-01-17 11:06:41",41:58:13,"0,00","0,00",EUR,"13,5","0,00",PAID,"0,00","16,700",kWh,,,,,,,,,,"ePower ",6981,"Marymount CP1 001",12955,Marymount,Cork,"Curraheen Rd, Bishopstown, Cork ",IE,"Garo LS4 OCPP 1.6-J",GARLS4001,1,TYPE2,"Internal Customer",,,,"ePower ","ePower ",,,
2GnKv8Zvj4,7d0ab617,gB8xgAO5y14,CLEARED,"2020-01-10 15:52:12","2020-01-15 11:17:09",115:24:57,"0,00","0,00",EUR,"13,5","0,00",PAID,"0,00","11,700",kWh,,,,,,,,,,"ePower ",6981,"Marymount CP1 001",12955,Marymount,Cork,"Curraheen Rd, Bishopstown, Cork ",IE,"Garo LS4 OCPP 1.6-J",GARLS4001,1,TYPE2,"Internal Customer",,,,"ePower ","ePower ",,,
2GnKv8Zvj4,fd776717,PzvlOZ24ykZ,CLEARED,"2020-01-10 15:33:22","2020-01-15 12:51:22",117:18:00,"0,00","0,00",EUR,"13,5","0,00",PAID,"0,00","21,300",kWh,,,,,,,,,,"ePower ",6981,"Marymount CP1 001",12956,Marymount,Cork,"Curraheen Rd, Bishopstown, Cork ",IE,"Garo LS4 OCPP 1.6-J",GARLS4001,2,TYPE2,"Internal Customer",,,,"ePower ","ePower ",,,
2GnKv8Zvj4,7d0ab617,vNmZ1bw5z9,CLEARED,"2020-01-09 16:03:08","2020-01-10 11:09:50",19:06:42,"0,00","0,00",EUR,"13,5","0,00",PAID,"0,00","37,400",kWh,,,,,,,,,,"ePower ",6981,"Marymount CP1 001",12955,Marymount,Cork,"Curraheen Rd, Bishopstown, Cork ",IE,"Garo LS4 OCPP 1.6-J",GARLS4001,1,TYPE2,"Internal Customer",,,,"ePower ","ePower ",,,
2GnKv8Zvj4,7d0ab617,bG9ky98OZd,CLEARED,"2020-01-09 10:33:26","2020-01-09 10:33:34",00:00:08,"0,00","0,00",EUR,"13,5","0,00",PAID,"0,00","0,000",kWh,,,,,,,,,,"ePower ",6981,"Marymount CP1 001",12955,Marymount,Cork,"Curraheen Rd, Bishopstown, Cork ",IE,"Garo LS4 OCPP 1.6-J",GARLS4001,1,TYPE2,"Internal Customer",,,,"ePower ","ePower ",,,
2GnKv8Zvj4,7d0ab617,YpBNgAVRmwQ,CLEARED,"2020-01-07 15:34:49","2020-01-08 10:37:59",19:03:10,"0,00","0,00",EUR,"13,5","0,00",PAID,"0,00","7,000",kWh,,,,,,,,,,"ePower ",6981,"Marymount CP1 001",12955,Marymount,Cork,"Curraheen Rd, Bishopstown, Cork ",IE,"Garo LS4 OCPP 1.6-J",GARLS4001,1,TYPE2,"Internal Customer",,,,"ePower ","ePower ",,,
2GnKv8Zvj4,fd776717,6w4aA3yZrr0,CLEARED,"2020-01-06 16:06:14","2020-01-09 10:40:48",66:34:34,"0,00","0,00",EUR,"13,5","0,00",PAID,"0,00","10,400",kWh,,,,,,,,,,"ePower ",6981,"Marymount CP1 001",12956,Marymount,Cork,"Curraheen Rd, Bishopstown, Cork ",IE,"Garo LS4 OCPP 1.6-J",GARLS4001,2,TYPE2,"Internal Customer",,,,"ePower ","ePower ",,,
2GnKv8Zvj4,7d0ab617,XDMNA5Pk294,CLEARED,"2020-01-06 15:04:49","2020-01-07 13:10:15",22:05:26,"0,00","0,00",EUR,"13,5","0,00",PAID,"0,00","21,100",kWh,,,,,,,,,,"ePower ",6981,"Marymount CP1 001",12955,Marymount,Cork,"Curraheen Rd, Bishopstown, Cork ",IE,"Garo LS4 OCPP 1.6-J",GARLS4001,1,TYPE2,"Internal Customer",,,,"ePower ","ePower ",,,
2GnKv8Zvj4,7d0ab617,4ZpVJwOpaly,CLEARED,"2020-01-06 10:50:41","2020-01-06 10:50:50",00:00:09,"0,00","0,00",EUR,"13,5","0,00",PAID,"0,00","0,000",kWh,,,,,,,,,,"ePower ",6981,"Marymount CP1 001",12956,Marymount,Cork,"Curraheen Rd, Bishopstown, Cork ",IE,"Garo LS4 OCPP 1.6-J",GARLS4001,2,TYPE2,"Internal Customer",,,,"ePower ","ePower ",,,
2GnKv8Zvj4,fd776717,kgp9dpr2AgJ,CLEARED,"2020-01-05 15:33:15","2020-01-06 12:56:48",21:23:33,"0,00","0,00",EUR,"13,5","0,00",PAID,"0,00","16,500",kWh,,,,,,,,,,"ePower ",6981,"Marymount CP1 001",12955,Marymount,Cork,"Curraheen Rd, Bishopstown, Cork ",IE,"Garo LS4 OCPP 1.6-J",GARLS4001,1,TYPE2,"Internal Customer",,,,"ePower ","ePower ",,,
2GnKv8Zvj4,fd776717,eAGBLwqNMqR,CLEARED,"2020-01-04 15:44:14","2020-01-05 10:36:19",18:52:05,"0,00","0,00",EUR,"13,5","0,00",PAID,"0,00","5,800",kWh,,,,,,,,,,"ePower ",6981,"Marymount CP1 001",12955,Marymount,Cork,"Curraheen Rd, Bishopstown, Cork ",IE,"Garo LS4 OCPP 1.6-J",GARLS4001,1,TYPE2,"Internal Customer",,,,"ePower ","ePower ",,,
