userId,keyIdentifier,sessionId,sessionState,startTime,stopTime,duration,priceInclVat,priceExclVat,currency,vatPercent,vatAmount,balanceStatus,balance,energy,energyUnit,transactionId,invoiceNumbers,transactionlessReason,transactionDates,paymentMethods,paymentOutcomes,applicationFees,payoutAmount,stripeIds,assetOwnerOrgName,chargePointId,chargePointName,connectorId,chargePointSiteName,city,streetAddress,countryCode,chargePointModel,assetLabel,connectorLabel,connectorType,identityType,hashedPhoneNumber,partnerName,partnerEmpId,empName,chargePointOperatorName,connectorGroups,billingId,evseId
2GnKv8Zvj4,7d0ab617,r6KK0xvzA6e,CLEARED,2020-03-31 13:30:01,2020-04-01 11:36:28,22:06:27,"0,00","0,00",EUR,"13,5","0,00",PAID,"0,00","13,500",kWh,,,,,,,,,,ePower ,6981,Marymount CP1 001,12955,Marymount,Cork,"Curraheen Rd, Bishopstown, Cork ",IE,Garo LS4 OCPP 1.6-J,GARLS4001,1,TYPE2,Internal Customer,,,,ePower ,ePower ,,,
2GnKv8Zvj4,fd776717,YqOrVr1o3LP,CLEARED,2020-03-29 13:39:34,2020-04-01 11:36:32,69:56:58,"0,00","0,00",EUR,"13,5","0,00",PAID,"0,00","12,600",kWh,,,,,,,,,,ePower ,6981,Marymount CP1 001,12956,Marymount,Cork,"Curraheen Rd, Bishopstown, Cork ",IE,Garo LS4 OCPP 1.6-J,GARLS4001,2,TYPE2,Internal Customer,,,,ePower ,ePower ,,,
2GnKv8Zvj4,fd776717,P9BA0kM5kZN,CLEARED,2020-03-28 14:25:46,2020-03-29 10:02:13,19:36:27,"0,00","0,00",EUR,"13,5","0,00",PAID,"0,00","14,200",kWh,,,,,,,,,,ePower ,6981,Marymount CP1 001,12956,Marymount,Cork,"Curraheen Rd, Bishopstown, Cork ",IE,Garo LS4 OCPP 1.6-J,GARLS4001,2,TYPE2,Internal Customer,,,,ePower ,ePower ,,,
2GnKv8Zvj4,fd776717,GwD0QNagv4B,CLEARED,2020-03-27 16:48:15,2020-03-28 11:04:05,18:15:50,"0,00","0,00",EUR,"13,5","0,00",PAID,"0,00","15,700",kWh,,,,,,,,,,ePower ,6981,Marymount CP1 001,12956,Marymount,Cork,"Curraheen Rd, Bishopstown, Cork ",IE,Garo LS4 OCPP 1.6-J,GARLS4001,2,TYPE2,Internal Customer,,,,ePower ,ePower ,,,
2GnKv8Zvj4,fd776717,xoYYJzvAqRV,CLEARED,2020-03-24 13:15:26,2020-03-27 14:20:31,73:05:05,"0,00","0,00",EUR,"13,5","0,00",PAID,"0,00","6,100",kWh,,,,,,,,,,ePower ,6981,Marymount CP1 001,12956,Marymount,Cork,"Curraheen Rd, Bishopstown, Cork ",IE,Garo LS4 OCPP 1.6-J,GARLS4001,2,TYPE2,Internal Customer,,,,ePower ,ePower ,,,
2GnKv8Zvj4,fd776717,2DdM5pBbLYV,CLEARED,2020-03-19 15:11:38,2020-03-24 12:14:15,117:02:37,"0,00","0,00",EUR,"13,5","0,00",PAID,"0,00","5,600",kWh,,,,,,,,,,ePower ,6981,Marymount CP1 001,12956,Marymount,Cork,"Curraheen Rd, Bishopstown, Cork ",IE,Garo LS4 OCPP 1.6-J,GARLS4001,2,TYPE2,Internal Customer,,,,ePower ,ePower ,,,
2GnKv8Zvj4,7d0ab617,bWN9k00xlkd,CLEARED,2020-03-18 14:02:31,2020-03-31 11:35:35,309:33:04,"0,00","0,00",EUR,"13,5","0,00",PAID,"0,00","12,400",kWh,,,,,,,,,,ePower ,6981,Marymount CP1 001,12955,Marymount,Cork,"Curraheen Rd, Bishopstown, Cork ",IE,Garo LS4 OCPP 1.6-J,GARLS4001,1,TYPE2,Internal Customer,,,,ePower ,ePower ,,,
2GnKv8Zvj4,fd776717,xyBQZZ25XzB,CLEARED,2020-03-18 13:27:19,2020-03-19 12:03:37,22:36:18,"0,00","0,00",EUR,"13,5","0,00",PAID,"0,00","5,700",kWh,,,,,,,,,,ePower ,6981,Marymount CP1 001,12956,Marymount,Cork,"Curraheen Rd, Bishopstown, Cork ",IE,Garo LS4 OCPP 1.6-J,GARLS4001,2,TYPE2,Internal Customer,,,,ePower ,ePower ,,,
2GnKv8Zvj4,7d0ab617,KaPayMVmPrX,CLEARED,2020-03-17 15:10:21,2020-03-18 10:53:51,19:43:30,"0,00","0,00",EUR,"13,5","0,00",PAID,"0,00","13,500",kWh,,,,,,,,,,ePower ,6981,Marymount CP1 001,12955,Marymount,Cork,"Curraheen Rd, Bishopstown, Cork ",IE,Garo LS4 OCPP 1.6-J,GARLS4001,1,TYPE2,Internal Customer,,,,ePower ,ePower ,,,
2GnKv8Zvj4,7d0ab617,ZapKoKg0bAY,CLEARED,2020-03-16 15:43:10,2020-03-17 09:57:13,18:14:03,"0,00","0,00",EUR,"13,5","0,00",PAID,"0,00","9,500",kWh,,,,,,,,,,ePower ,6981,Marymount CP1 001,12955,Marymount,Cork,"Curraheen Rd, Bishopstown, Cork ",IE,Garo LS4 OCPP 1.6-J,GARLS4001,1,TYPE2,Internal Customer,,,,ePower ,ePower ,,,
2GnKv8Zvj4,7d0ab617,9OlKQRNWdN4,CLEARED,2020-03-14 13:27:59,2020-03-16 12:55:33,47:27:34,"0,00","0,00",EUR,"13,5","0,00",PAID,"0,00","13,100",kWh,,,,,,,,,,ePower ,6981,Marymount CP1 001,12955,Marymount,Cork,"Curraheen Rd, Bishopstown, Cork ",IE,Garo LS4 OCPP 1.6-J,GARLS4001,1,TYPE2,Internal Customer,,,,ePower ,ePower ,,,
2GnKv8Zvj4,7d0ab617,z3xNZReAkRm,CLEARED,2020-03-13 16:18:49,2020-03-14 10:19:53,18:01:04,"0,00","0,00",EUR,"13,5","0,00",PAID,"0,00","11,800",kWh,,,,,,,,,,ePower ,6981,Marymount CP1 001,12955,Marymount,Cork,"Curraheen Rd, Bishopstown, Cork ",IE,Garo LS4 OCPP 1.6-J,GARLS4001,1,TYPE2,Internal Customer,,,,ePower ,ePower ,,,
2GnKv8Zvj4,fd776717,5yxpvdJ0K6z,CLEARED,2020-03-13 12:29:27,2020-03-18 11:46:34,119:17:07,"0,00","0,00",EUR,"13,5","0,00",PAID,"0,00","9,400",kWh,,,,,,,,,,ePower ,6981,Marymount CP1 001,12956,Marymount,Cork,"Curraheen Rd, Bishopstown, Cork ",IE,Garo LS4 OCPP 1.6-J,GARLS4001,2,TYPE2,Internal Customer,,,,ePower ,ePower ,,,
2GnKv8Zvj4,fd776717,W5XVbbB4XK,CLEARED,2020-03-11 16:38:55,2020-03-13 11:38:29,42:59:34,"0,00","0,00",EUR,"13,5","0,00",PAID,"0,00","8,100",kWh,,,,,,,,,,ePower ,6981,Marymount CP1 001,12956,Marymount,Cork,"Curraheen Rd, Bishopstown, Cork ",IE,Garo LS4 OCPP 1.6-J,GARLS4001,2,TYPE2,Internal Customer,,,,ePower ,ePower ,,,
2GnKv8Zvj4,33a439e1,Vw3b614r4Jr,CLEARED,2020-03-11 07:49:15,2020-03-11 16:03:19,08:14:04,"0,00","0,00",EUR,"13,5","0,00",PAID,"0,00","9,300",kWh,,,,,,,,,,ePower ,6981,Marymount CP1 001,12956,Marymount,Cork,"Curraheen Rd, Bishopstown, Cork ",IE,Garo LS4 OCPP 1.6-J,GARLS4001,2,TYPE2,Internal Customer,,,,ePower ,ePower ,,,
2GnKv8Zvj4,7d0ab617,moBoQX16plk,CLEARED,2020-03-10 17:05:49,2020-03-13 10:10:40,65:04:51,"0,00","0,00",EUR,"13,5","0,00",PAID,"0,00","15,800",kWh,,,,,,,,,,ePower ,6981,Marymount CP1 001,12955,Marymount,Cork,"Curraheen Rd, Bishopstown, Cork ",IE,Garo LS4 OCPP 1.6-J,GARLS4001,1,TYPE2,Internal Customer,,,,ePower ,ePower ,,,
2GnKv8Zvj4,33a439e1,gOo2La2z356,CLEARED,2020-03-10 07:54:34,2020-03-10 16:07:51,08:13:17,"0,00","0,00",EUR,"13,5","0,00",PAID,"0,00","15,400",kWh,,,,,,,,,,ePower ,6981,Marymount CP1 001,12955,Marymount,Cork,"Curraheen Rd, Bishopstown, Cork ",IE,Garo LS4 OCPP 1.6-J,GARLS4001,1,TYPE2,Internal Customer,,,,ePower ,ePower ,,,
2GnKv8Zvj4,7d0ab617,o8Jv6Xkvv1g,CLEARED,2020-03-09 15:27:59,2020-03-10 13:30:35,22:02:36,"0,00","0,00",EUR,"13,5","0,00",PAID,"0,00","19,700",kWh,,,,,,,,,,ePower ,6981,Marymount CP1 001,12956,Marymount,Cork,"Curraheen Rd, Bishopstown, Cork ",IE,Garo LS4 OCPP 1.6-J,GARLS4001,2,TYPE2,Internal Customer,,,,ePower ,ePower ,,,
2GnKv8Zvj4,33a439e1,eQpMQXXeoR,CLEARED,2020-03-09 10:20:24,2020-03-09 15:37:34,05:17:10,"0,00","0,00",EUR,"13,5","0,00",PAID,"0,00","6,600",kWh,,,,,,,,,,ePower ,6981,Marymount CP1 001,12955,Marymount,Cork,"Curraheen Rd, Bishopstown, Cork ",IE,Garo LS4 OCPP 1.6-J,GARLS4001,1,TYPE2,Internal Customer,,,,ePower ,ePower ,,,
2GnKv8Zvj4,33a439e1,xeZezwlgpbl,CLEARED,2020-03-09 07:48:42,2020-03-09 10:03:11,02:14:29,"0,00","0,00",EUR,"13,5","0,00",PAID,"0,00","8,000",kWh,,,,,,,,,,ePower ,6981,Marymount CP1 001,12955,Marymount,Cork,"Curraheen Rd, Bishopstown, Cork ",IE,Garo LS4 OCPP 1.6-J,GARLS4001,1,TYPE2,Internal Customer,,,,ePower ,ePower ,,,
2GnKv8Zvj4,ce1418f8,XwzzlbqWR2A,CLEARED,2020-03-08 10:27:58,2020-03-08 10:43:37,00:15:39,"0,00","0,00",EUR,"13,5","0,00",PAID,"0,00",0,kWh,,,,,,,,,,ePower ,6981,Marymount CP1 001,12955,Marymount,Cork,"Curraheen Rd, Bishopstown, Cork ",IE,Garo LS4 OCPP 1.6-J,GARLS4001,1,TYPE2,Internal Customer,,,,ePower ,ePower ,,,
2GnKv8Zvj4,33a439e1,qGqKzqR1QQG,CLEARED,2020-03-07 07:49:46,2020-03-07 11:40:28,03:50:42,"0,00","0,00",EUR,"13,5","0,00",PAID,"0,00","8,700",kWh,,,,,,,,,,ePower ,6981,Marymount CP1 001,12955,Marymount,Cork,"Curraheen Rd, Bishopstown, Cork ",IE,Garo LS4 OCPP 1.6-J,GARLS4001,1,TYPE2,Internal Customer,,,,ePower ,ePower ,,,
2GnKv8Zvj4,33a439e1,88KXXZlv6x,CLEARED,2020-03-06 07:52:38,2020-03-06 17:36:14,09:43:36,"0,00","0,00",EUR,"13,5","0,00",PAID,"0,00","4,800",kWh,,,,,,,,,,ePower ,6981,Marymount CP1 001,12955,Marymount,Cork,"Curraheen Rd, Bishopstown, Cork ",IE,Garo LS4 OCPP 1.6-J,GARLS4001,1,TYPE2,Internal Customer,,,,ePower ,ePower ,,,
2GnKv8Zvj4,7d0ab617,8d1z0Z4zw5,CLEARED,2020-03-05 16:34:13,2020-03-09 11:59:02,91:24:49,"0,00","0,00",EUR,"13,5","0,00",PAID,"0,00","23,300",kWh,,,,,,,,,,ePower ,6981,Marymount CP1 001,12956,Marymount,Cork,"Curraheen Rd, Bishopstown, Cork ",IE,Garo LS4 OCPP 1.6-J,GARLS4001,2,TYPE2,Internal Customer,,,,ePower ,ePower ,,,
2GnKv8Zvj4,2d45ab17,gY2Q9Lq34b1,CLEARED,2020-03-05 13:58:55,2020-03-05 17:56:56,03:58:01,"0,00","0,00",EUR,"13,5","0,00",PAID,"0,00","15,800",kWh,,,,,,,,,,ePower ,6981,Marymount CP1 001,12955,Marymount,Cork,"Curraheen Rd, Bishopstown, Cork ",IE,Garo LS4 OCPP 1.6-J,GARLS4001,1,TYPE2,Internal Customer,,,,ePower ,ePower ,,,
2GnKv8Zvj4,fd776717,0qk3M4ZXqrq,CLEARED,2020-03-03 15:03:48,2020-03-04 01:04:54,10:01:06,"0,00","0,00",EUR,"13,5","0,00",PAID,"0,00","6,200",kWh,,,,,,,,,,ePower ,6981,Marymount CP1 001,12956,Marymount,Cork,"Curraheen Rd, Bishopstown, Cork ",IE,Garo LS4 OCPP 1.6-J,GARLS4001,2,TYPE2,Internal Customer,,,,ePower ,ePower ,,,
2GnKv8Zvj4,fd776717,ZXKgWAN8o19,CLEARED,2020-03-03 12:59:19,2020-03-03 12:59:28,00:00:09,"0,00","0,00",EUR,"13,5","0,00",PAID,"0,00",0,kWh,,,,,,,,,,ePower ,6981,Marymount CP1 001,12956,Marymount,Cork,"Curraheen Rd, Bishopstown, Cork ",IE,Garo LS4 OCPP 1.6-J,GARLS4001,2,TYPE2,Internal Customer,,,,ePower ,ePower ,,,
2GnKv8Zvj4,fd776717,XDqkJPNDYqr,CLEARED,2020-03-02 16:51:59,2020-03-03 01:29:24,08:37:25,"0,00","0,00",EUR,"13,5","0,00",PAID,"0,00","20,100",kWh,,,,,,,,,,ePower ,6981,Marymount CP1 001,12956,Marymount,Cork,"Curraheen Rd, Bishopstown, Cork ",IE,Garo LS4 OCPP 1.6-J,GARLS4001,2,TYPE2,Internal Customer,,,,ePower ,ePower ,,,
2GnKv8Zvj4,fd776717,MxvJDrw5VZm,CLEARED,2020-03-02 10:16:06,2020-03-02 10:16:27,00:00:21,"0,00","0,00",EUR,"13,5","0,00",PAID,"0,00",0,kWh,,,,,,,,,,ePower ,6981,Marymount CP1 001,12956,Marymount,Cork,"Curraheen Rd, Bishopstown, Cork ",IE,Garo LS4 OCPP 1.6-J,GARLS4001,2,TYPE2,Internal Customer,,,,ePower ,ePower ,,,